"Electricity consumption, total (kWh)",1960,1961,1962,1963,1964,1965,1966,1967,1968,1969,1970,1971,1972,1973,1974,1975,1976,1977,1978,1979,1980,1981,1982,1983,1984,1985,1986,1987,1988,1989,1990,1991,1992,1993,1994,1995,1996,1997,1998,1999,2000,2001,2002,2003,2004,2005,2006,2007,2008,2009,2010,2011
Abkhazia,,,,,,,,,,,,,,,,,,,,,,,,,,,,,,,,,,,,,,,,,,,,,,,,,,,,
Afghanistan,,,,,,,,,,,,,,,,,,,,,,,,,,,,,,,,,,,,,,,,,,,,,,,,,,,,
Akrotiri and Dhekelia,,,,,,,,,,,,,,,,,,,,,,,,,,,,,,,,,,,,,,,,,,,,,,,,,,,,
Albania,,,,,,,,,,,,1164000000,1275000000,1363000000,1389000000,1778000000,2234000000,2684000000,2819000000,2790000000,3054000000,3064000000,3054000000,3045000000,2957000000,2361000000,4294000000,3583000000,3161000000,3297000000,1717000000,1301000000,1436000000,1684000000,1876000000,2057000000,2809000000,2143000000,2258000000,4366000000,4438000000,4097000000,4763000000,4466000000,5441000000,5186000000,3646000000,3603000000,4768000000,5379000000,5673000000,
Algeria,,,,,,,,,,,,1991000000,2184000000,2494000000,2756000000,3250000000,3760000000,4099000000,5050000000,5866000000,6349000000,7205000000,8305000000,8810000000,9604000000,10464000000,11211000000,10827000000,11779000000,13109000000,13693000000,14058000000,15130000000,15144000000,15545000000,16102000000,16697000000,17123000000,18674000000,19991000000,21211000000,22302000000,23280000000,25373000000,26288000000,29524000000,29013000000,30555000000,32900000000,30304000000,36402000000,
American Samoa,,,,,,,,,,,,,,,,,,,,,,,,,,,,,,,,,,,,,,,,,,,,,,,,,,,,
Andorra,,,,,,,,,,,,,,,,,,,,,,,,,,,,,,,,,,,,,,,,,,,,,,,,,,,,
Angola,,,,,,,,,,,,556000000,628000000,738000000,922000000,979000000,439000000,439000000,439000000,472000000,506000000,506000000,540000000,587000000,502000000,604000000,604000000,607000000,611000000,614000000,630000000,667000000,677000000,680000000,684000000,687000000,736000000,1031000000,1126000000,1141000000,1234000000,1400000000,1507000000,1737000000,1642000000,2124000000,2916000000,2786000000,3740000000,4261000000,4730000000,
Anguilla,,,,,,,,,,,,,,,,,,,,,,,,,,,,,,,,,,,,,,,,,,,,,,,,,,,,
Antigua and Barbuda,,,,,,,,,,,,,,,,,,,,,,,,,,,,,,,,,,,,,,,,,,,,,,,,,,,,
Argentina,,,,,,,,,,,,21214000000,22812000000,24111000000,25290000000,26176000000,27118000000,28841000000,29589000000,33437000000,34693000000,33938000000,34803000000,36846000000,38682000000,38945000000,40841000000,44090000000,45993000000,42447000000,42534000000,44577000000,47289000000,50850000000,52546000000,57428000000,60910000000,65893000000,70947000000,74167000000,77016000000,79046000000,75910000000,83042000000,88272000000,93671000000,85363000000,93656000000,1.11235E+11,1.10523E+11,1.17375E+11,
Armenia,,,,,,,,,,,,,,,,,,,,,,,,,,,,,,,9633000000,9428000000,6757000000,4019000000,3433000000,3379000000,3865000000,4728000000,4068000000,4039000000,3983000000,3872000000,3751000000,3985000000,4322000000,4536000000,4851000000,5200000000,4854000000,4783000000,4967000000,
Aruba,,,,,,,,,,,,,,,,,,,,,,,,,,,,,,,,,,,,,,,,,,,,,,,,,,,,
Australia,18778721348,20432505463,21529655692,24115596565,26885596045,29821871676,32123590875,35313646498,37769247231,41477939776,45949112041,48725759770,51371448236,56991931939,62686201870,66415201539,68955526209,74713544259,77883802156,82365405264,87012989629,91694766538,96570212848,97610482555,1.04298E+11,1.10805E+11,1.17432E+11,1.22897E+11,1.29458E+11,1.37005E+11,1.45783E+11,1.47609E+11,1.49883E+11,1.5426E+11,1.57936E+11,1.62963E+11,1.66861E+11,1.72119E+11,1.83292E+11,1.9017E+11,1.9536E+11,2.06156E+11,2.11981E+11,2.12891E+11,2.1849E+11,2.1337E+11,2.1801E+11,2.29178E+11,2.28596E+11,2.28955E+11,2.26636E+11,
Austria,12780099014,13327137687,14297099223,15236284327,16123325872,16755374402,17367933757,18010229160,19289735399,20917314259,22540443481,24091160688,25623631952,27337553321,28525324709,28301487550,30839181523,31345952913,32800968799,34318362999,35362025369,35438614444,35683607779,36425645817,38290886390,39920673911,40287917411,41993563375,43477067548,45005108451,46878160097,48997854270,48439067837,48113891117,48990045038,50346718050,52596560652,52775251013,53493493092,55670802192,56643499249,58948038387,60038185277,62593589365,63913087777,65676840128,68037558288,67976581868,68331974561,66586718874,70138363284,
Azerbaijan,,,,,,,,,,,,,,,,,,,,,,,,,,,,,,,18636164548,18862622430,16515791920,15537819213,15674648626,14819296326,14966017750,14295278286,16212346528,16253353339,16549760682,17254063818,17406671493,19726895423,20668074198,20674986339,21872882016,18682704614,18251745030,14692424403,14731979520,
Bahamas,,,,,,,,,,,,,,,,,,,,,,,,,,,,,,,,,,,,,,,,,,,,,,,,,,,,
Bahrain,,,,,,,,,,,,430000000,450000000,500000000,575000000,700000000,900000000,1110000000,1212000000,1474000000,1660000000,1814000000,2009000000,2216000000,2093000000,2429000000,2887000000,2708000000,2954000000,3093000000,3240000000,3163000000,3700000000,4044000000,4386000000,4550000000,4800000000,4955000000,5313000000,5563000000,5740000000,6203000000,6735000000,7465000000,8051000000,8456000000,9317000000,10763000000,10194000000,10777000000,12384000000,
Bangladesh,,,,,,,,,,,,710000000,710000000,1042000000,1178000000,1211000000,1261000000,1367000000,1651000000,1661000000,1522000000,1867000000,2168000000,2537000000,2867000000,3041000000,3535000000,3769000000,4174000000,5094000000,5136000000,5324000000,6523000000,7414000000,8013000000,9010000000,9640000000,10063000000,10895999913,12164000000,13354000000,14978999886,16293000000,17441000000,22645999837,24540000000,28101000197,29684000000,33268000000,36997000000,41466000000,
Barbados,,,,,,,,,,,,,,,,,,,,,,,,,,,,,,,,,,,,,,,,,,,,,,,,,,,,
Belarus,,,,,,,,,,,,,,,,,,,,,,,,,,,,,,,44946729699,45519653533,40296730574,35542074116,31582900681,28664842444,28750739169,30134043356,30637666972,30351763569,30059833545,29997523935,29718487691,30141595903,31033763274,31521845996,32477234790,32536721333,33445866492,31785575025,34196705336,
Belgium,14427080019,14992524810,16254545331,17549610309,19361082004,20417493755,21379118552,22443029745,24807521757,27145415973,29178111164,31078870577,35027346306,38355659293,40359373907,38049373381,41660273480,43276011432,45477912532,48295001114,48191542539,48354817510,48264876273,49616496078,51984797569,54146933975,55345561386,58014739960,59938597053,61574568637,63477857449,66396576876,68537253342,69031493749,72175247009,74386812530,76016044243,77889422512,80148624529,80619976557,83925756031,84418431200,85230355333,86668720955,88823886720,88624888109,90961395925,90786038899,90346331522,84253704870,89847063576,
Belize,,,,,,,,,,,,,,,,,,,,,,,,,,,,,,,,,,,,,,,,,,,,,,,,,,,,
Benin,,,,,,,,,,,,32000000,36000000,58000000,54000000,59000000,65000000,73000000,,,,,,,135000000,,,,,,,,,,225000000,,271000000,301000000,290000000,346000000,399000000,,,,,,617000000,674000000,751000000,,,
Bermuda,,,,,,,,,,,,,,,,,,,,,,,,,,,,,,,,,,,,,,,,,,,,,,,,,,,,
Bhutan,,,,,,,,,,,,,,,,,,,,,,,,,,,,,,,,,,,,,,,,,,,,,,,,,,,,
Bolivia,,,,,,,,,,,,760000000,815000000,832000000,889000000,948000000,1021000000,1131000000,1216000000,1296000000,1414000000,1516000000,1541000000,1508000000,1529000000,1514000000,1483000000,1505000000,1617000000,1733000000,1827000000,1967000000,2077000000,2286000000,2485000000,2680000000,2877000000,3082000000,3280000000,3453000000,3501000000,3558000000,3741000000,3874000000,4034000000,4367000000,4727000000,5114000000,5187000000,5458000000,6121000000,
Bosnia and Herzegovina,,,,,,,,,,,,,,,,,,,,,,,,,,,,,,,13112000000,9202000000,4705000000,2887000000,3519000000,3673000000,4240000000,5173000000,6627000000,6867000000,7616000000,7768000000,7865000000,8403000000,8740000000,8998000000,8979000000,8965000000,11212000000,10803000000,11693000000,
Botswana,,,,,,,,,,,,,,,,,,,,,,546000000,604000000,623000000,661000000,710000000,837000000,978000000,863000000,908000000,990000000,1131000000,1262000000,1290000000,1381000000,1375000000,1448000000,1585000000,1728000000,1728000000,1592000000,2023000000,2252000000,2408000000,2526000000,2666000000,2737000000,2872000000,2956000000,2989000000,3184000000,
Brazil,,,,,,,,,,,,44832000000,49834000000,56717000000,63344000000,69852000000,79278000000,88839000783,99039000000,1.11007E+11,1.22705E+11,1.26232E+11,1.33575E+11,1.43913E+11,1.6E+11,1.73564E+11,1.87069E+11,1.92755E+11,2.03898E+11,2.12166E+11,2.17658E+11,2.25384E+11,2.30473E+11,2.4117E+11,2.49793E+11,2.64805E+11,2.77719E+11,2.94691E+11,3.0703E+11,3.15753E+11,3.31639E+11,3.09728E+11,3.24365E+11,3.42213E+11,3.59946E+11,3.75195E+11,3.89951E+11,4.12128E+11,4.28251E+11,4.2603E+11,4.647E+11,
British Virgin Islands,,,,,,,,,,,,,,,,,,,,,,,,,,,,,,,,,,,,,,,,,,,,,,,,,,,,
Brunei,,,,,,,,,,,,238000000,238000000,235000000,239000000,239000000,239000000,239000000,239000000,239000000,328000000,453000000,543000000,653000000,718000000,733000000,743000000,996000000,1047000000,1081000000,1119000000,1191000000,1320000000,1484000000,1615000000,1897000000,2080000000,2378000000,2475000000,2406000000,2514000000,2272000000,2361000000,2799000000,3142000000,3149000000,3122000000,3230000000,3259000000,3394000000,3494000000,
Bulgaria,,,,,,,,,,,,19581869473,21357393521,23176543104,24674685393,26472890717,28431886633,30198216544,32143380571,33330493128,35213003974,36667993557,39206666636,40955347851,42732252106,41919391823,41615104949,43272967028,44057384858,44056287703,41966852156,38129634780,32317091588,32557693360,32324405967,35190789340,35991264939,32547166842,31971543309,29149181888,29411477043,30628523659,30295883671,31150797130,30681586848,31897764521,33152042385,34043197518,34876647705,33192164439,33548133787,
Burkina Faso,,,,,,,,,,,,,,,,,,,,,,,,,,,,,,,,,,,,,,,,,,,,,,,,,,,,
Burundi,,,,,,,,,,,,,,,,,,,,,,,,,,,,,,,,,,,,,,,,,,,,,,,,,,,,
Cambodia,,,,,,,,,,,,,,,,,,,,,,,,,,,,,,,,,,,,144000000,220000000,274000000,309000000,359000000,398000000,453000000,636000000,662000000,728000000,886000000,1088000000,1376000000,1591000000,1803000000,2065000000,
Cameroon,,,,,,,,,,,,1019000000,1068000000,1079000000,1229000000,1303000000,1272000000,1223000000,1265000000,1297000000,1346000000,1763000000,2027000000,2020000000,1997000000,2253000000,2167000000,2228000000,2323000000,2403000000,2345000000,2334000000,2360000000,2457000000,2213000000,2177000000,2314000000,2516000000,2539000000,2681000000,2719000000,2631000000,2536000000,2808000000,3320000000,3306000000,4477000000,4753000000,5143000000,5243000000,5319000000,
Canada,1.00839E+11,1.02484E+11,1.07894E+11,1.13148E+11,1.24911E+11,1.35973E+11,1.47757E+11,1.56433E+11,1.6809E+11,1.82114E+11,1.94631E+11,2.05066E+11,2.21291E+11,2.32885E+11,2.47541E+11,2.41535E+11,2.58604E+11,2.78714E+11,2.93267E+11,3.00324E+11,3.12919E+11,3.26883E+11,3.23639E+11,3.38823E+11,3.64961E+11,3.82474E+11,4.00671E+11,4.17884E+11,4.39891E+11,4.48289E+11,4.46241E+11,4.51758E+11,4.56459E+11,4.66046E+11,4.73592E+11,4.8358E+11,4.90257E+11,4.95769E+11,4.9343E+11,5.05143E+11,5.21056E+11,5.20471E+11,5.30526E+11,5.43388E+11,5.50561E+11,5.59124E+11,5.46879E+11,5.55561E+11,5.4822E+11,5.09123E+11,5.14929E+11,
Cape Verde,,,,,,,,,,,,,,,,,,,,,,,,,,,,,,,,,,,,,,,,,,,,,,,,,,,,
Cayman Islands,,,,,,,,,,,,,,,,,,,,,,,,,,,,,,,,,,,,,,,,,,,,,,,,,,,,
Central African Republic,,,,,,,,,,,,,,,,,,,,,,,,,,,,,,,,,,,,,,,,,,,,,,,,,,,,
Chad,,,,,,,,,,,,,,,,,,,,,,,,,,,,,,,,,,,,,,,,,,,,,,,,,,,,
Channel Islands,,,,,,,,,,,,,,,,,,,,,,,,,,,,,,,,,,,,,,,,,,,,,,,,,,,,
Chile,,,,,,,,,,,,7569000000,7960000000,7780000000,8349000000,7745000000,8269000000,8671000000,9249000000,9864000000,10309000000,10645000000,10421000000,10794000000,11678000000,12112000000,12796000000,13331000000,14409000000,15785000000,16429000000,17732000000,19991000000,21123000000,22506000000,25100000000,28103000000,30598000000,32606000000,36284000000,38345000000,40787000000,42785000000,45929000000,49077000000,50096000000,52701000000,55202000000,55777000000,55666000000,56425000000,
China,,,,,,,,,,,,1.2647E+11,1.39355E+11,1.52642E+11,1.54617E+11,1.79693E+11,1.8667E+11,2.05565E+11,2.36098E+11,2.59401E+11,2.76885E+11,2.84865E+11,3.02362E+11,3.24974E+11,3.50002E+11,3.8334E+11,4.2023E+11,4.65757E+11,5.12752E+11,5.49902E+11,5.84695E+11,6.37161E+11,7.1054E+11,7.8755E+11,8.73518E+11,9.34992E+11,1.00664E+12,1.05545E+12,1.0873E+12,1.151E+12,1.26066E+12,1.37636E+12,1.53726E+12,1.78515E+12,2.06368E+12,2.33256E+12,2.68431E+12,3.07938E+12,3.26429E+12,3.51418E+12,3.94826E+12,
Christmas Island,,,,,,,,,,,,,,,,,,,,,,,,,,,,,,,,,,,,,,,,,,,,,,,,,,,,
Cocos Island,,,,,,,,,,,,,,,,,,,,,,,,,,,,,,,,,,,,,,,,,,,,,,,,,,,,
Colombia,,,,,,,,,,,,9086000000,8987000000,9932000000,11089000000,10975000000,11587000000,12943000000,14621000000,15980000000,17143000000,17440000000,18529000000,19068000000,21129000000,22619000000,24743000000,24492000000,25605000000,27637000000,28852000000,29410000000,26805000000,30628000000,32551000000,33525000000,33780000000,34621000000,34308000000,32281000000,33511000000,34858000000,35695000000,36357000000,38381000000,38776000000,41536000000,43260000000,43759000000,47726000000,46867000000,
Comoros,,,,,,,,,,,,,,,,,,,,,,,,,,,,,,,,,,,,,,,,,,,,,,,,,,,,
"Congo, Dem. Rep.",,,,,,,,,,,,3337000000,3354000000,3630000000,3772000000,3830000000,3813000000,3840000000,3703000000,3668000000,3978000000,3668000000,3613000000,3921000000,4116000000,4427000000,4623000000,4598000000,4733000000,5672000000,4530000000,4506000000,4302000000,3982000000,4078000000,4527000000,4483000000,4181000000,4189000000,4388000000,4549000000,4627000000,4475000000,4639000000,4680000000,4901000000,5758000000,6152000000,6114000000,6668000000,6277000000,
"Congo, Rep.",,,,,,,,,,,,77000000,81000000,91000000,95000000,102000000,109000000,115000000,121000000,131000000,148000000,128000000,197000000,193000000,298000000,232000000,372000000,390000000,375000000,390000000,410000000,448000000,442000000,411000000,380000000,410000000,430000000,370000000,327000000,211000000,299000000,337000000,382000000,391000000,370000000,425000000,471000000,486000000,543000000,600000000,588000000,
Cook Is,,,,,,,,,,,,,,,,,,,,,,,,,,,,,,,,,,,,,,,,,,,,,,,,,,,,
Costa Rica,,,,,,,,,,,,1148000000,1267000000,1347000000,1468000000,1531000000,1647000000,1760000000,1925000000,1997000000,2226000000,2365000000,2356000000,2382000000,2637000000,2757000000,3027000000,3303000000,3383000000,3272000000,3344000000,3592000000,4619000000,4495000000,4384000000,4526000000,4540000000,5057000000,4996000000,5578000000,5971000000,5994000000,6392000000,6844000000,7096000000,7376000000,7921000000,8305000000,8432000000,8342000000,8643000000,
Cote d'Ivoire,,,,,,,,,,,,517000000,581000000,669000000,717000000,808000000,937000000,1044000000,1188000000,1528000000,1469000000,1586000000,1635000000,1627000000,1257000000,1499000000,1563000000,1825000000,1941000000,1849000000,1913000000,1835000000,1961000000,1914000000,2012000000,2504000000,2370000000,2603000000,2915000000,2819000000,2863000000,3071000000,3044000000,3069000000,3121000000,3154000000,3408000000,3587000000,3836000000,4056000000,4137000000,
Croatia,,,,,,,,,,,,,,,,,,,,,,,,,,,,,,,13510019079,12356446835,10457339267,10143824703,10267983793,10694002290,11356808580,11974216107,12149713461,12409846907,12797912534,12913929342,13764171597,14022189277,14747875014,15439951337,16120425251,16542605298,17136445927,16371685097,16792056098,
Cuba,,,,,,,,,,,,4486000000,4648000000,5023000000,5326000000,5882000000,6406000000,6952000000,7658000000,8444000000,8274000000,9533000000,10008000000,10493000000,11199000000,10126000000,10933000000,11226000000,11930000000,12450000000,12847000000,11195000000,9711000000,9065000000,9738000000,10010000000,10660000000,11432000000,11540000000,11977000000,12661000000,12927000000,13273000000,13401000000,13223000000,13008000000,13820000000,14651000000,14869000000,14979000000,14629000000,
Cyprus,,,,,,,,,,,,615000000,712000000,774000000,670000000,669000000,749000000,810000000,865000000,924000000,970000000,990000000,1063000000,1149000000,1175000000,1243000000,1334000000,1411000000,1540000000,1724000000,1863000000,1943000000,2272000000,2460000000,2560000000,2382000000,2460000000,2555000000,2815000000,2943000000,3182000000,3318000000,3618000000,3893000000,3988000000,4213000000,4431000000,4656000000,4925000000,5044000000,5160000000,
Czech Republic,,,,,,,,,,,,33624804588,35438433325,36913579636,38381473844,40285298589,41940840341,43401582213,45763423615,44898424186,47050733335,47728695472,48156294999,49578092984,51095066707,52963491236,54173413200,56106449102,56699118938,57445673526,57699420312,54177388875,52369270898,51934018167,53542808475,56453694171,59070063957,58275887491,57610195054,56368757143,58325407320,60134546965,60130369198,61878252494,63442753103,64820662974,66777706730,66995956444,67083322231,63828931717,66326393921,
Czechoslovakia,,,,,,,,,,,,,,,,,,,,,,,,,,,,,,,,,,,,,,,,,,,,,,,,,,,,
Denmark,4990181966,5500314031,6302583051,7017907742,7671505219,8655150948,9515130243,10280487001,11377894708,12832332980,14259846659,15171630999,16693315532,17190775222,16355754974,17278246300,19268351877,20378853789,22038813394,23243238375,23561995401,23521646061,23968861372,24262281115,25473206455,27364053511,28734254755,29649071007,30005544929,30031558281,30562564759,32050600828,32254178293,32741293436,34083523273,33622942177,34930748908,34869981173,34470275549,34629467093,34613254514,34762294517,35089560929,35550810882,35725930137,36088079908,37144662535,36470293258,35924120139,34363064848,35115558009,
Djibouti,,,,,,,,,,,,,,,,,,,,,,,,,,,,,,,,,,,,,,,,,,,,,,,,,,,,
Dominica,,,,,,,,,,,,,,,,,,,,,,,,,,,,,,,,,,,,,,,,,,,,,,,,,,,,
Dominican Republic,,,,,,,,,,,,1068000000,1687000000,1955000000,1829000000,2072000000,2013000000,2280000000,2269000000,2675000000,2561000000,2630000000,1991000000,2270000000,2815000000,3082000000,3199000000,3222000000,2617000000,2348000000,2791000000,2918000000,4035000000,3870000000,4081000000,3923000000,5086000000,5200000000,5598000000,5573000000,6258000000,9070000000,11131000000,11940000000,10439000000,11821000000,12214000000,13094000000,13461000000,13306000000,14317000000,
East Germany,,,,,,,,,,,,,,,,,,,,,,,,,,,,,,,,,,,,,,,,,,,,,,,,,,,,
Ecuador,,,,,,,,,,,,903000000,961000000,1080000000,1186000000,1372000000,1605000000,1860000000,2211000000,2546000000,2873000000,3151000000,3395000000,3524000000,3641000000,3604000000,3884000000,4303000000,4408000000,4455000000,4918000000,5330000000,5599000000,5671000000,6163000000,6325000000,7164000000,7825000000,8375000000,7898000000,8051000000,8354000000,8602000000,8944000000,9979000000,10469000000,11765000000,13022000000,15335000000,15908000000,15261000000,
Egypt,,,,,,,,,,,,7216000000,7240000000,7282000000,8211000000,9260000000,10799000000,12438000000,13309000000,14673000000,16544000000,18561000000,20861000000,23526000000,25024000000,24487000000,29867000000,32255000000,33914000000,36015000000,38049000000,39871000000,40965000000,42779000000,44413000000,46460000000,51100000000,54649000000,58608000000,63590000000,67246000000,72171000000,77129000000,83505000000,88285000000,95308000000,1.02475E+11,1.10816E+11,1.16207E+11,1.23448E+11,1.30437E+11,
El Salvador,,,,,,,,,,,,639000000,702000000,807000000,876000000,872000000,1018000000,1125000000,1247000000,1307000000,1256000000,1211000000,1210000000,1326000000,1394000000,1463000000,1506000000,1617000000,1687000000,1714000000,1857000000,1981000000,2085000000,2403000000,2634000000,2845000000,2937000000,3194000000,3308000000,3441000000,3621000000,3716000000,3979000000,4159000000,4160000000,4579000000,4969000000,5382000000,5298000000,5206000000,5296000000,
Equatorial Guinea,,,,,,,,,,,,,,,,,,,,,,,,,,,,,,,,,,,,,,,,,,,,,,,,,,,,
Eritrea,,,,,,,,,,,,,,,,,,,,,,,,,,,,,,,,,123000000,128000000,141000000,148000000,169000000,185000000,163000000,176000000,172000000,194000000,216000000,233000000,235000000,242000000,232000000,245000000,242000000,260000000,272000000,
Eritrea and Ethiopia,,,,,,,,,,,,,,,,,,,,,,,,,,,,,,,,,,,,,,,,,,,,,,,,,,,,
Estonia,,,,,,,,,,,,,,,,,,,,,,,,,,,,,,,9233911174,8977277300,7245242363,5919793450,6332433063,6210570702,6600214035,6845822122,6655381422,6233459771,6344711749,6500903717,6645203468,7123558934,7393388895,7492663870,7907888887,8423533597,8519330897,7983080493,8669328402,
Ethiopia,,,,,,,,,,,,552000000,564000000,551000000,542000000,537000000,531000000,505000000,535000000,596000000,635000000,682000000,728000000,780000000,842000000,809000000,835000000,881000000,864000000,866000000,1082000000,1088000000,1117000000,1245000000,1306000000,1374000000,1443000000,1453000000,1488000000,1480000000,1507000000,1811000000,1840000000,2066000000,2285000000,2560000000,2942000000,3212000000,3419000000,3613000000,4502000000,
Faeroe Islands,,,,,,,,,,,,,,,,,,,,,,,,,,,,,,,,,,,,,,,,,,,,,,,,,,,,
Falkland Is (Malvinas),,,,,,,,,,,,,,,,,,,,,,,,,,,,,,,,,,,,,,,,,,,,,,,,,,,,
Fiji,,,,,,,,,,,,,,,,,,,,,,,,,,,,,,,,,,,,,,,,,,,,,,,,,,,,
Finland,8298687498,9763725267,10737742350,11211377050,12343410527,13410793364,14634315405,15333454723,16649874094,18708812472,21053587590,22602999878,25619003086,28229687751,28807754205,28015952429,30940730527,31877766840,34819476043,37772034899,39649610098,40777187836,41182429465,44281587394,47857811859,51389000000,52277697250,56077871483,58322294129,59782981694,62259124857,62467884055,63005573102,65862246981,69191269562,69422163097,70327288042,74287645045,76474269955,77821551058,79172552329,81455574085,83874857091,85677224656,87666688861,84517732564,90642285301,90790362884,86920986657,81413771312,88422680450,
France,66806144088,71730826835,77593166199,83285049106,91398599976,96922883383,1.03175E+11,1.08576E+11,1.1344E+11,1.24508E+11,1.33355E+11,1.40794E+11,1.51089E+11,1.64394E+11,1.70951E+11,1.71474E+11,1.90406E+11,1.96389E+11,2.10125E+11,2.25525E+11,2.38237E+11,2.47927E+11,2.51204E+11,2.57526E+11,2.71731E+11,2.90542E+11,3.0599E+11,3.15539E+11,3.22032E+11,3.30554E+11,3.38243E+11,3.62248E+11,3.70562E+11,3.70734E+11,3.76453E+11,3.82753E+11,4.00592E+11,3.97659E+11,4.09615E+11,4.20045E+11,4.2736E+11,4.36371E+11,4.36451E+11,4.53275E+11,4.64491E+11,4.6696E+11,4.62571E+11,4.64313E+11,4.75114E+11,4.58336E+11,4.85256E+11,
French Guiana,,,,,,,,,,,,,,,,,,,,,,,,,,,,,,,,,,,,,,,,,,,,,,,,,,,,
French Polynesia,,,,,,,,,,,,,,,,,,,,,,,,,,,,,,,,,,,,,,,,,,,,,,,,,,,,
Gabon,,,,,,,,,,,,112000000,131000000,162000000,190000000,249000000,324000000,439000000,432000000,516000000,526000000,590000000,660000000,723000000,787000000,852000000,878000000,883000000,897000000,771000000,873000000,885000000,888000000,893000000,810000000,837000000,945000000,978000000,1075000000,1083000000,1081000000,1113000000,1182000000,1213000000,1230000000,1261000000,1343000000,1430000000,1503000000,1521000000,1512000000,
Gambia,,,,,,,,,,,,,,,,,,,,,,,,,,,,,,,,,,,,,,,,,,,,,,,,,,,,
Georgia,,,,,,,,,,,,,,,,,,,,,,,,,,,,,,,16593757894,14612157481,11361627937,10176236299,10202957306,7443280274,5590300207,6294267731,6981270041,7015882120,6894748101,6790226420,6984175270,7299942295,7458194077,7677595128,6934968992,7108356846,7258043283,6933078117,7585736095,
Germany,1.15539E+11,1.23605E+11,1.32634E+11,1.43241E+11,1.5529E+11,1.6668E+11,1.76031E+11,1.82007E+11,1.99873E+11,2.19195E+11,2.99715E+11,3.18646E+11,3.40575E+11,3.66048E+11,3.77897E+11,3.73223E+11,4.048E+11,4.15424E+11,4.37766E+11,4.53762E+11,4.53878E+11,4.55627E+11,4.53798E+11,4.64019E+11,4.84764E+11,5.00954E+11,5.07944E+11,5.19797E+11,5.30315E+11,5.37512E+11,5.2519E+11,5.22899E+11,5.17494E+11,5.08897E+11,5.08934E+11,5.18426E+11,5.26356E+11,5.29175E+11,5.33589E+11,5.35643E+11,5.4642E+11,5.57136E+11,5.68845E+11,5.76014E+11,5.84481E+11,5.87146E+11,5.92126E+11,5.92823E+11,5.89625E+11,5.56488E+11,5.93847E+11,
Ghana,,,,,,,,,,,,2764000000,3151000000,3668000000,3837000000,3710000000,3917000000,4091000000,3429000000,4217000000,4601000000,4652000000,4327000000,1970000000,1151000000,2083000000,3398000000,3891000000,4226000000,4396000000,4780000000,5110000000,5493000000,5413000000,5567000000,5947000000,6318000000,6927000000,5036000000,6412000000,6332000000,6608000000,6262000000,4645000000,4651000000,5337000000,6612000000,5614000000,6207000000,6580000000,7264000000,
Gibraltar,,,,,,,,,,,,,,,,,,,,,,,,,,,,,,,,,,,,,,,,,,,,,,,,,,,,
Greece,2014428823,2285804468,2574767460,2897983579,3471712381,4065319482,5375335113,6417737798,6982004772,8026157668,9002200663,10585050805,12072615815,13795808267,14011154684,14979004967,16496197238,17575337225,19765936374,20791376451,21670997753,22022441941,22240504880,23877438064,25341589963,26487978669,27167740819,28612181902,31114894964,32353201860,32859639371,33543015608,35276486009,36182736615,37906636655,39312862716,40832630406,42719969011,44971442477,46685897555,49874040058,51645916756,53942924487,56079923692,57407628120,58616863528,60271561839,63345294593,64622118171,62751861190,59544795337,
Greenland,,,,,,,,,,,,,,,,,,,,,,,,,,,,,,,,,,,,,,,,,,,,,,,,,,,,
Grenada,,,,,,,,,,,,,,,,,,,,,,,,,,,,,,,,,,,,,,,,,,,,,,,,,,,,
Guadeloupe,,,,,,,,,,,,,,,,,,,,,,,,,,,,,,,,,,,,,,,,,,,,,,,,,,,,
Guam,,,,,,,,,,,,,,,,,,,,,,,,,,,,,,,,,,,,,,,,,,,,,,,,,,,,
Guatemala,,,,,,,,,,,,666000000,758000000,851000000,909000000,973000000,1075000000,1296000000,1446000000,1608000000,1700000000,1420000000,1359000000,1349000000,1400000000,1456000000,1217000000,1426000000,1440000000,1688000000,1857000000,1958000000,2490000000,2416000000,2710000000,3077000000,2760000000,2619000000,3503000000,4135000000,3850000000,4269000000,4432000000,5635000000,5940000000,6068000000,7138000000,7445000000,7430000000,7691000000,8163000000,
Guernsey,,,,,,,,,,,,,,,,,,,,,,,,,,,,,,,,,,,,,,,,,,,,,,,,,,,,
Guinea,,,,,,,,,,,,,,,,,,,,,,,,,,,,,,,,,,,,,,,,,,,,,,,,,,,,
Guinea-Bissau,,,,,,,,,,,,,,,,,,,,,,,,,,,,,,,,,,,,,,,,,,,,,,,,,,,,
Guyana,,,,,,,,,,,,,,,,,,,,,,,,,,,,,,,,,,,,,,,,,,,,,,,,,,,,
Haiti,,,,,,,,,,,,59000000,83000000,99000000,115000000,151000000,140000000,162000000,187000000,199000000,233000000,278000000,287000000,300000000,309000000,323000000,351000000,350000000,367000000,391000000,414000000,323000000,295000000,213000000,142000000,234000000,267000000,338000000,302000000,326000000,303000000,303000000,268000000,256000000,256000000,343000000,351000000,243000000,229000000,352000000,244000000,
Holy See,,,,,,,,,,,,,,,,,,,,,,,,,,,,,,,,,,,,,,,,,,,,,,,,,,,,
Honduras,,,,,,,,,,,,354000000,366000000,426000000,454000000,491000000,528000000,608000000,628000000,734000000,775000000,851000000,865000000,933000000,990000000,1210000000,1232000000,1482000000,1580000000,1596000000,1823000000,1793000000,1723000000,1844000000,1690000000,2020000000,2358000000,2503000000,2757000000,2845000000,3211000000,3345000000,3591000000,3839000000,4128000000,4274000000,4462000000,4959000000,5179000000,5032000000,5098000000,
"Hong Kong, China",,,,,,,,,,,,5198556411,5337463020,5874716622,5792089133,6268860000,7222022617,8362386375,9337071673,9875953506,10898413250,11486811637,12347388250,13888153973,14908401014,15801684962,17540164439,21358919416,22984736598,22525883542,24206327265,25778430718,26660159102,28068848866,29245042982,29798849677,30813011064,31868414525,34957366780,35257776938,36946432668,37899851722,38613368269,38981437414,39366238660,40031360126,40197159626,40543636561,40631873159,41400841861,41779451976,
Hungary,,,,,,11509982295,12407084142,13333836995,14134593103,15081148622,16387271959,17719304696,18997329080,20404319724,21688317218,22601433104,24136830988,25670792832,27826241981,28198392718,28862040640,29276739951,30219337260,31357120600,32852060079,33673758374,34326205139,35836945253,35733596911,36236199500,35554990717,33402478564,32259130850,31003320080,31293192140,31681476181,32616712343,32812729255,33008893501,34002641288,33789590245,34900017956,36016357539,36862044538,37207949507,38041513494,39074449846,39934478137,39974975109,37740016343,38701510829,
Iceland,460108455.7,515283356.3,529375165.9,554307638.4,581507267.8,571149225.6,567196195.7,574872679.9,596371094.1,765307554.2,1320819138,1448062102,1604475535,2104522827,2146749625,2090498580,2203060221,2362667118,2462141730,2676433982,2893278980,2978261286,3272766069,3453658667,3636741736,3565896597,3747491126,3768932998,4080500456,4141946225,4114467107,4100022161,4184066480,4391588981,4521022250,4653173965,4688882372,5172379983,5876282331,6827061717,7368131008,7653696415,8000356295,8015616277,8267240371,8305251892,9430157712,11266596875,15554147177,16174477841,16467766609,
India,,,,,,,,,,,,55522000196,58285999899,59853000303,63311000000,71382000344,79145000373,82370999621,90726000272,92710000407,97898000140,1.07448E+11,1.14585E+11,1.2322E+11,1.37886E+11,1.49105E+11,1.641E+11,1.77609E+11,1.98001E+11,2.167E+11,2.34293E+11,2.55646E+11,2.72354E+11,2.9277E+11,3.17294E+11,3.39783E+11,3.47176E+11,3.68957E+11,3.8656E+11,3.97799E+11,4.07477E+11,4.15035E+11,4.35756E+11,4.61692E+11,4.92809E+11,5.19703E+11,5.72951E+11,6.33339E+11,6.62247E+11,7.12497E+11,7.54612E+11,
Indonesia,,,,,,,,,,,,1691999986,1924000000,1965000000,2445000000,2803000000,2456000000,2983000000,4466000031,5571000000,6808000000,7891000000,9489000000,10444000000,11539999930,13158999922,15500000000,17917999897,20916000000,24506000135,29483999840,32848999825,36484000000,40623000000,46549000000,51916000260,59411000294,67196000000,68118000000,74479999646,82579999613,88230000408,90746000000,94481000000,1.05921E+11,1.13133E+11,1.18372E+11,1.26996E+11,1.34343E+11,1.41751E+11,1.53832E+11,
Iran,,,,,,,,,,,,8027000000,9489000000,11855000000,13391000000,15006000000,16551000000,17903000000,18409000000,20692000000,20800000000,22409000000,25662000000,29759000000,32603000000,35486000000,37373000000,41347000000,42576000000,47164000000,53034000000,57366000000,62611000000,66501000000,70137000000,72753000000,79649000000,83906000000,88295000000,95018000000,1.01487E+11,1.09241E+11,1.1743E+11,1.28663E+11,1.38559E+11,1.45075E+11,1.56716E+11,1.64594E+11,1.74718E+11,1.82739E+11,1.96201E+11,
Iraq,,,,,,,,,,,,2660000000,2755000000,3343000000,3662000000,4268000000,4982563118,6058731375,7460327589,9642866169,10789937717,10291855286,12934564607,15280755063,18308876009,19658017992,20726778909,20715462645,21447908623,21716877916,21771861613,18734738418,23093582522,24157309164,25926343772,27763850750,27846572907,28477412245,28559108256,28608273239,28612887526,29570429191,31111906182,26348268925,31254386166,22325989736,26673319160,21580588288,21531130135,32381110330,37470000098,
Ireland,1966184882,2127068986,2376309375,2523080740,2980193730,3261063047,3575353154,3896178969,4368805193,4722815090,5188102988,5650038460,6142604233,6612422559,7039208433,6925403252,7689149332,8327769838,8976545838,9913590366,9803335860,9761837940,9729586041,10001061274,10436261279,11008605556,11576169105,12078394634,12109213399,12702008170,13303971043,13789217688,14569530471,14923855833,15605896711,16340580008,17420534132,18263545736,19280743520,20382128525,22046920299,22796505595,23755140823,24434204298,25202079702,25953315508,26925945312,26941687011,27997640942,26690133694,26932151599,
Isle of Man,,,,,,,,,,,,,,,,,,,,,,,,,,,,,,,,,,,,,,,,,,,,,,,,,,,,
Israel,,,,,,,,,,,,6720942665,7575983813,7834911546,8158131215,8759220809,9317783018,9952037414,10828843072,11198268826,11320459216,11706778059,12329321666,13091282231,13495037107,14231939933,14137496320,15839045022,17278577079,18537979517,18792598174,18482058956,21963135001,23030552481,25482154251,27342170295,29301031145,30904673464,33549860328,35203159027,38033172364,39241736301,40587454755,41906788975,42230778625,43406565030,45335315434,48463730545,50589866930,47977591568,50861132693,
Italy,48282604182,52180067887,57461043549,64137824124,69093149266,74439834427,81553730730,88413435025,95882063008,1.02454E+11,1.10538E+11,1.15604E+11,1.24127E+11,1.33794E+11,1.38996E+11,1.36436E+11,1.50098E+11,1.54468E+11,1.61463E+11,1.70434E+11,1.74559E+11,1.74593E+11,1.77034E+11,1.77476E+11,1.87387E+11,1.92552E+11,1.98283E+11,2.08125E+11,2.17407E+11,2.27707E+11,2.35565E+11,2.40202E+11,2.45249E+11,2.45039E+11,2.52887E+11,2.61933E+11,2.65259E+11,2.72568E+11,2.8174E+11,2.88889E+11,3.0202E+11,3.0923E+11,3.17979E+11,3.25424E+11,3.28613E+11,3.32592E+11,3.39989E+11,3.3988E+11,3.39057E+11,3.17543E+11,3.26016E+11,
Jamaica,,,,,,,,,,,,1552081905,1870716798,1968067038,2088763925,1410408403,1512297716,1573776794,1593486988,1461473793,1429591045,1420510021,1718216302,1681042779,1363096829,1347863179,1420648466,1514544809,1458008368,1379731630,2077953515,1721490232,3523571103,3755367670,4221239405,5158265585,5330823477,5523516048,5784957878,5922293777,6024935445,6090906347,6336444756,6577122860,6551882772,6645448575,6614528190,6912825613,5412826680,5200991882,3350366264,
Japan,1.027E+11,1.16324E+11,1.24233E+11,1.43415E+11,1.61364E+11,1.72865E+11,1.95432E+11,2.24719E+11,2.53824E+11,2.92978E+11,3.34155E+11,3.59146E+11,3.98467E+11,4.42193E+11,4.3439E+11,4.46409E+11,4.82774E+11,5.02575E+11,5.32661E+11,5.59198E+11,5.46849E+11,5.55425E+11,5.52845E+11,5.88139E+11,6.18666E+11,6.39285E+11,6.42283E+11,6.82567E+11,7.17046E+11,7.59863E+11,7.9294E+11,8.2084E+11,8.27361E+11,8.39518E+11,8.93824E+11,9.16832E+11,9.38536E+11,9.59812E+11,9.63943E+11,9.81106E+11,1.00243E+12,9.84842E+11,9.97757E+11,9.86168E+11,1.0168E+12,1.03803E+12,1.04371E+12,1.07407E+12,1.02187E+12,9.91913E+11,1.06216E+12,
Jersey,,,,,,,,,,,,,,,,,,,,,,,,,,,,,,,,,,,,,,,,,,,,,,,,,,,,
Jordan,,,,,,,,,,,,263931278.8,322925741.7,377550855.2,421725365.4,488529169.1,592590610.5,525339032,614627104.4,795433813.6,916946891.3,1090047557,1338747401,1751379283,2070557246,2290238850,2485061452,2833173373,2951299111,3126064555,3587961549,3438936229,4046662900,4415528387,4817901762,5314813216,5695678978,5810152744,6157280382,6386431533,6646752720,6897542826,7394376045,7735000625,8529639989,8983131886,9982911668,11174732189,12243684902,12725561330,13770084499,
Kazakhstan,,,,,,,,,,,,,,,,,,,,,,,,,,,,,,,97609710668,93166322743,87979135086,74003682679,69973162717,64358440077,57140670970,49145188668,45013736301,42808952038,47405590731,52321131868,53025015300,56377639374,58094328183,60870403143,65249101630,69445657470,73410528277,70447607992,75766280492,
Kenya,,,,,,,,,,,,909000000,996000000,1067000000,1137000000,1220000000,1351000000,1426000000,1526000000,1640000000,1707000000,1838000000,1884000000,1946000000,2051000000,2229000000,2368000000,2645000000,2595000000,2753000000,2930000000,3061000000,3159000000,3323000000,3356000000,3490000000,3655000000,3689000000,3813000000,3625000000,3525000000,3934000000,4013000000,4310000000,4679000000,4879000000,5305000000,5582000000,5716000000,5813000000,6321000000,
Kiribati,,,,,,,,,,,,,,,,,,,,,,,,,,,,,,,,,,,,,,,,,,,,,,,,,,,,
North Korea,,,,,,,,,,,,13463000000,14242000000,15021000000,15801000000,16580000000,17105000000,17631000000,18156000000,18683000000,19201000000,19723000000,20236000000,20758000000,21299000000,22731000000,22770000000,23500000000,25268000000,26471000000,25111000000,23842000000,21450000000,19192000000,19978000000,19806000000,18257000000,16461000000,14368000000,15748000000,16334000000,17007000000,16651000000,17680000000,18501000000,19292000000,18890000000,18121000000,19538000000,17759000000,18247000000,
South Korea,,,,,,,,,,,,9570485124,11339295333,13345693933,15689222997,17420294079,20400340567,23627496087,28347025374,32491131875,34223924285,36981451992,39752051039,44834245491,49910612215,54288232893,60823452397,69717401220,80942913854,89300042393,1.02002E+11,1.12357E+11,1.23828E+11,1.36626E+11,1.55738E+11,1.73335E+11,1.92415E+11,2.10381E+11,2.01823E+11,2.232E+11,2.71648E+11,2.91633E+11,3.09958E+11,3.25543E+11,3.4643E+11,3.67126E+11,3.80544E+11,4.02658E+11,4.1964E+11,4.26893E+11,4.69523E+11,
United Korea (former),,,,,,,,,,,,,,,,,,,,,,,,,,,,,,,,,,,,,,,,,,,,,,,,,,,,
Kosovo,,,,,,,,,,,,,,,,,,,,,,,,,,,,,,,,,,,,,,,,,4070642238,5059946469,4906107415,4710257699,5138752928,5254107153,5382843459,5801845488,6409548556,,,
Kuwait,,,,,,,,,,,,2413000000,3019000000,3359000000,3749000000,4264000000,4767000000,5513000000,6424000000,7927000000,8301000000,9214000000,10763000000,11499000000,12782000000,14184000000,15665000000,16744000000,18168000000,19599000000,17230000000,10090000000,,,,21114000000,22673000000,23784000000,26686000000,28103000000,28767000000,30526000000,32362000000,35424000000,36718000000,38767000000,42170000000,42802000000,45235000000,46601000000,50136000000,
Kyrgyz Republic,,,,,,,,,,,,,,,,,,,,,,,,,,,,,,,10241695543,10314866702,10422202734,8626595456,8614427103,9525830432,9157786464,8544276429,8123401126,8794962575,9467866242,8491941626,8000175701,9779749589,8266781533,9254360201,10193946025,9048542212,7484195667,7304231464,7333712122,
Lao,,,,,,,,,,,,,,,,,,,,,,,,,,,,,,,,,,,,,,,,,,,,,,,,,,,,
Latvia,,,,,,,,,,,,,,,,,,,,,,,,,,,,,,,9048561133,8691435429,6894735523,5266016526,4990083786,4977057855,4907751700,5015632680,5153872616,4979811461,4954903617,5199998321,5356702146,5727797395,5917354678,6231557629,6595761565,6990134567,7011757327,6500817870,6814493963,
Lebanon,,,,,,,,,,,,1237000000,1390000000,1612000000,1777000000,1665000000,1800000000,1935000000,2115000000,2383000000,2537000000,2741000000,2997000000,3276000000,3447000000,3511000000,3780000000,4176000000,3600000000,2250000000,1400000000,2800000000,3371000000,3964000000,4406000000,4737000000,6501000000,7755000000,9548000000,9568000000,9769000000,10014000000,10724000000,11092000000,11133000000,11301000000,11007000000,11462000000,12239000000,13137000000,15088000000,
Lesotho,,,,,,,,,,,,,,,,,,,,,,,,,,,,,,,,,,,,,,,,,,,,,,,,,,,,
Liberia,,,,,,,,,,,,,,,,,,,,,,,,,,,,,,,,,,,,,,,,,,,,,,,,,,,,
Libya,,,,,,,,,,,,398000000,445000000,900000000,1083000000,1428000000,1785000000,2223000000,2639000000,3255000000,3606000000,3633000000,3672000000,3724000000,3789000000,3868000000,4190000000,5874000000,6476000000,6481000000,6996000000,7533000000,8153000000,8600000000,8838000000,8762000000,9003000000,9227000000,10898000000,11484000000,11904000000,12278000000,13151000000,13593000000,14449000000,19692000000,22273000000,23883000000,24606000000,26116000000,27135000000,
Liechtenstein,,,,,,,,,,,,,,,,,,,,,,,,,,,,,,,,,,,,,,,,,,,,,,,,,,,,
Lithuania,,,,,,,,,,,,,,,,,,,,,,,,,,,,,,,14870162354,14875707925,11685789161,9163532719,9127239967,9213005077,9858649857,9757430906,10031370554,9522632571,8809238317,9352511382,9790145837,10523523546,10784904187,10593478370,10977318366,11528685482,11946988075,11462629940,10870330061,
Luxembourg,1428145543,1468662179,1635232823,2280132293,2856414789,3019045535,3181896974,3177790466,3090448977,3457069292,3612138443,4066650118,4044390681,4145312615,4661668188,3820063853,4149835795,3787692001,3927431569,3995872495,3927086272,4040906975,4007711106,4063925541,4290741479,4424120642,4480361860,4551687407,5016798846,5106597428,5210457706,5434460620,5051939721,5004628616,5490681452,6080542390,6047593989,6346562260,6573977528,6455623323,6823324492,6864512913,7076384329,7256990501,7349525090,7151474063,7660979403,7778037330,7757216099,7177894102,8542332784,
"Macao, China",,,,,,,,,,,,,,,,,,,,,,,,,,,,,,,,,,,,,,,,,,,,,,,,,,,,
"Macedonia, FYR",,,,,,,,,,,,,,,,,,,,,,,,,,,,,,,5325000000,5398000000,5900000000,5186000000,5368000000,5548000000,5811000000,5989000000,6180000000,5782000000,5892000000,5722000000,5646000000,6384000000,6466000000,6952000000,7121000000,7480000000,7600000000,7079000000,7399000000,
Madagascar,,,,,,,,,,,,,,,,,,,,,,,,,,,,,,,,,,,,,,,,,,,,,,,,,,,,
Malawi,,,,,,,,,,,,,,,,,,,,,,,,,,,,,,,,,,,,,,,,,,,,,,,,,,,,
Malaysia,,,,,,,,,,,,3464000000,3933000000,4347000000,4752000000,5229000000,5819000000,6790000000,7356000000,8322000000,9090000000,9736000000,10544000000,11384000000,12400000000,13146000000,14183000000,15269000000,16974000000,18864000000,20867000000,23451000000,26968000000,29884000000,35662000000,41069000000,45984000000,53301000000,55847000000,60010000000,63716000000,65398000000,68281000000,71989000000,75178000000,73828000000,80324000000,87453000000,89500000000,1.09334E+11,1.16937E+11,
Maldives,,,,,,,,,,,,,,,,,,,,,,,,,,,,,,,,,,,,,,,,,,,,,,,,,,,,
Mali,,,,,,,,,,,,,,,,,,,,,,,,,,,,,,,,,,,,,,,,,,,,,,,,,,,,
Malta,,,,,,,,,,,,305642847.7,324720952.2,366259745.2,306100849,339862087.6,385765356.1,424676538.4,469281486.4,514723289.6,543749760.8,579733489.7,615589730.5,633696131,662565269.1,736764382.4,794640288.1,887477689.9,969810293,1037323008,1037705057,1359233703,1424127249,1436266452,1458493617,1544496522,1504100975,1528494161,1574691454,1695530770,1752819335,1715835773,1810239711,1972232449,1953375986,2010814462,2007838773,1999239839,1989593591,1834429686,1729158776,
Marshall Islands,,,,,,,,,,,,,,,,,,,,,,,,,,,,,,,,,,,,,,,,,,,,,,,,,,,,
Martinique,,,,,,,,,,,,,,,,,,,,,,,,,,,,,,,,,,,,,,,,,,,,,,,,,,,,
Mauritania,,,,,,,,,,,,,,,,,,,,,,,,,,,,,,,,,,,,,,,,,,,,,,,,,,,,
Mauritius,,,,,,,,,,,,,,,,,,,,,,,,,,,,,,,,,,,,,,,,,,,,,,,,,,,,
Mayotte,,,,,,,,,,,,,,,,,,,,,,,,,,,,,,,,,,,,,,,,,,,,,,,,,,,,
Mexico,,,,,,,,,,,,26937000000,30147000000,32802000000,36367000000,39096000000,42552000000,46362000000,51252000000,55575000000,60108000000,64318000000,69705000000,72702000000,77210000000,81867000000,85020000000,90407000000,95016000000,1.01518E+11,99476000000,1.10774E+11,1.14733E+11,1.16327E+11,1.26321E+11,1.30153E+11,1.39014E+11,1.48322E+11,1.56607E+11,1.63135E+11,1.76568E+11,1.81861E+11,1.85158E+11,1.83778E+11,1.96784E+11,2.05201E+11,2.09128E+11,2.15567E+11,2.19353E+11,2.17663E+11,2.25764E+11,
"Micronesia, Fed. Sts.",,,,,,,,,,,,,,,,,,,,,,,,,,,,,,,,,,,,,,,,,,,,,,,,,,,,
Moldova,,,,,,,,,,,,,,,,,,,,,,,,,,,,,,,14119078490,15035909906,12973813685,10509104390,8637120270,7601757463,7383932326,6733230321,6144540386,5112038947,4126382863,4538117483,4700495435,5320144627,5495546157,5779425914,6002133323,4930075456,4828272592,3591128783,3748354533,
Monaco,,,,,,,,,,,,,,,,,,,,,,,,,,,,,,,,,,,,,,,,,,,,,,,,,,,,
Mongolia,,,,,,,,,,,,,,,,,,,,,,,,,,2927000000,3187000000,3279000000,3458000000,3544000000,3376000000,3063000000,2800000000,2584000000,2503000000,2546000000,2557000000,2513000000,2562000000,2531000000,2580000000,2652000000,2746000000,2885000000,3073000000,3256000000,3428000000,3589000000,3891000000,3825000000,4217000000,
Montenegro,,,,,,,,,,,,,,,,,,,,,,,,,,,,,,,,,,,,,,,,,,,,,,3993000000,4080000000,4148000000,4020000000,3179000000,3503000000,
Montserrat,,,,,,,,,,,,,,,,,,,,,,,,,,,,,,,,,,,,,,,,,,,,,,,,,,,,
Morocco,,,,,,,,,,,,2047000000,2319000000,2594000000,2747000000,2905000000,3254000000,3584000000,3928000000,4344000000,4735000000,5094000000,5502000000,6029000000,6226000000,6627000000,7060000000,7297000000,8149000000,8174000000,8910000000,9385000000,10339000000,10517000000,11202000000,11638000000,11879000000,12522000000,13489000000,12900000000,14110000000,15289000000,15788000000,17323000000,18439000000,19323000000,21199000000,22353000000,23247000000,23865000000,24957000000,
Mozambique,,,,,,,,,,,,476000000,479000000,559000000,678000000,570000000,647000000,617000000,672000000,420000000,432000000,437000000,591000000,471000000,373000000,402000000,475000000,541000000,441000000,508000000,548000000,743000000,747000000,728000000,662000000,715000000,732000000,893000000,825000000,1194000000,2225000000,5054000000,4987000000,7239000000,8938000000,9243000000,9676000000,10319000000,10327000000,10363000000,10379000000,
Myanmar,,,,,,,,,,,,553000000,605000000,666000000,672000000,774000000,859000000,952000000,1020000000,1100000000,1162000000,1065000000,1152000000,1192000000,1313000000,1595000000,1626000000,1665000000,1503000000,1638000000,1823000000,1712000000,1875000000,2173000000,2342000000,2510000000,2562000000,2903000000,2959000000,3145000000,3516000000,3229000000,3484000000,3849000000,3910000000,3664000000,4355000000,4439000000,4701000000,4993000000,6290000000,
Namibia,,,,,,,,,,,,,,,,,,,,,,,,,,,,,,,,1539000000,1525000000,1674000000,1520000000,1552000000,1721000000,1682000000,1881000000,2040000000,2236000000,2352000000,2082000000,2193000000,2772000000,2945000000,3163000000,3219000000,3828000000,3534000000,3376000000,
Nauru,,,,,,,,,,,,,,,,,,,,,,,,,,,,,,,,,,,,,,,,,,,,,,,,,,,,
Nepal,,,,,,,,,,,,74000000,95000000,74000000,94000000,89000000,123000000,138000000,151000000,170000000,186000000,217000000,274000000,299000000,330000000,374000000,443000000,493000000,544000000,603000000,665000000,722000000,738000000,788000000,868000000,946000000,1020000000,1050000000,1134000000,1292000000,1408000000,1570000000,1670000000,1769000000,1892000000,1984000000,2185000000,2312000000,2226000000,2606000000,2777000000,
Netherlands,15453737407,16449142366,17936800516,19597783284,21443403826,23378385091,25828452650,28093478738,31514846822,34744176286,38206813914,41210019034,45181204913,48262436651,50364992594,51316304773,54977084039,56329511317,59144364343,61659815425,61483490653,60811312705,60339997616,61528917357,63441374442,65285229287,66361081130,69022759785,72394448611,74750485260,77707002481,79882874180,82183739070,83579799798,86452034551,88631274553,92229496742,95570402591,98954915962,1.00967E+11,1.04053E+11,1.06133E+11,1.07408E+11,1.08948E+11,1.13855E+11,1.13938E+11,1.15544E+11,1.18556E+11,1.19254E+11,1.14187E+11,1.16449E+11,
Netherlands Antilles,,,,,,,,,,,,,,,,,,,,,,,,,,,,,,,,,,,,,,,,,,,,,,,,,,,,
New Caledonia,,,,,,,,,,,,,,,,,,,,,,,,,,,,,,,,,,,,,,,,,,,,,,,,,,,,
New Zealand,5828491441,6342650593,6817140778,7791890374,8391573106,9232608787,9814134831,10039171128,10625967227,11346908127,12044003836,13480646309,15551565677,16523313180,16618080199,17868046364,18948918688,19205328054,19247680277,19380827490,19964477722,20565167818,21917016181,23477221347,24367853176,24697270366,25914269419,26160571092,27105755556,28450713246,30485718104,30469897434,30255208186,31758672005,32349542348,33468117325,33727009678,34106853921,34523295982,34886938015,36205115604,36790951859,37745403679,37824501779,39430093072,39992099187,40595939272,40761072862,40792955743,40526014675,41785214147,
Ngorno-Karabakh,,,,,,,,,,,,,,,,,,,,,,,,,,,,,,,,,,,,,,,,,,,,,,,,,,,,
Nicaragua,,,,,,,,,,,,558000000,624000000,585000000,711000000,757000000,882000000,1002000000,998000000,790000000,844000000,895000000,952000000,1035000000,1071000000,1070000000,1077000000,1155000000,1164000000,1311000000,1278000000,1277000000,1318000000,1301000000,1271000000,1354000000,1475000000,1689000000,1677000000,1641000000,1748000000,1768000000,1839000000,1944000000,2106000000,2243000000,2342000000,2563000000,2674000000,2735000000,2739000000,
Niger,,,,,,,,,,,,,,,,,,,,,,,,,,,,,,,,,,,,,,,,,,,,,,,,,,,,
Nigeria,,,,,,,,,,,,1637000000,1920000000,2122000000,2026000000,2901000000,3364000000,3977000000,4204000000,4269000000,4997000000,3840000000,6341000000,6491000000,5055000000,6723000000,7795000000,7863000000,7877000000,9007000000,8291000000,8751000000,9020000000,10361000000,10062000000,9876000000,9507000000,9304000000,8953000000,9036000000,9109000000,9476000000,13459000000,13444000000,16730000000,17959000000,15929000000,20328000000,19121000000,18617000000,21624000000,
Niue,,,,,,,,,,,,,,,,,,,,,,,,,,,,,,,,,,,,,,,,,,,,,,,,,,,,
Norfolk Island,,,,,,,,,,,,,,,,,,,,,,,,,,,,,,,,,,,,,,,,,,,,,,,,,,,,
Northern Cyprus,,,,,,,,,,,,,,,,,,,,,,,,,,,,,,,,,,,,,,,,,,,,,,,,,,,,
Northern Mariana Islands,,,,,,,,,,,,,,,,,,,,,,,,,,,,,,,,,,,,,,,,,,,,,,,,,,,,
Norway,27506148845,30338537746,34161843518,35403858360,38981784021,42503093469,43749242774,46387465765,51497817968,50899715647,52166795683,55020605298,57005094835,61561356592,64909329009,65374983686,68103340424,66778881110,70270428898,76812114667,76506018726,79642510538,79590648701,84543208108,90790239303,93677992600,92436393276,95408670484,96569394318,96495942199,99055280247,1.01495E+11,1.01943E+11,1.03283E+11,1.05086E+11,1.06922E+11,1.05238E+11,1.07329E+11,1.12864E+11,1.11897E+11,1.12243E+11,1.15515E+11,1.11668E+11,1.05767E+11,1.11071E+11,1.15967E+11,1.12518E+11,1.17366E+11,1.18834E+11,1.15338E+11,1.22933E+11,
Oman,,,,,,,,,,,,11000000,23000000,41000000,80000000,135000000,234000000,356000000,412000000,528000000,720000000,921000000,1160000000,1422000000,1775000000,2199000000,2800000000,2987000000,3322000000,3458000000,3963000000,4080000000,4453000000,5067000000,5367000000,5690000000,5862000000,6265000000,6900000000,6951000000,7262000000,7885000000,8223000000,8470000000,9365000000,10301000000,11082000000,11818000000,13476000000,15185000000,16507000000,
Pakistan,,,,,,,,,,,,5584000000,5584000000,6389000000,6965000000,7430000000,7428000000,7820000000,8913000000,10566000000,10619000000,11919000000,13290000000,14757000000,16384000000,18336000000,20398000000,22454000000,25919000000,27652000255,29865000000,32922000000,37978000000,39100999677,41363000000,43963000000,45271000000,46857000349,45530000000,48226000000,51579000000,53551000363,55663000000,60531000000,64630000000,71067000000,76335000000,77088000000,72439000000,76607000449,79268999543,
Palau,,,,,,,,,,,,,,,,,,,,,,,,,,,,,,,,,,,,,,,,,,,,,,,,,,,,
Panama,,,,,,,,,,,,821000000,918000000,1042000000,1049000000,1108000000,1211000000,1314000000,1311000000,1538000000,1530000000,1596000000,1735000000,1918000000,1863000000,1981000000,2082000000,2233000000,2061000000,2011000000,2058000000,2215000000,2346000000,2520000000,2716000000,2912000000,3033000000,3350000000,3438000000,3622000000,3838000000,3933000000,4099000000,4371000000,4656000000,4846000000,4951000000,5380000000,5657000000,6057000000,6444000000,
Papua New Guinea,,,,,,,,,,,,,,,,,,,,,,,,,,,,,,,,,,,,,,,,,,,,,,,,,,,,
Paraguay,,,,,,,,,,,,207000000,231000000,278000000,307000000,325000000,373000000,462000000,565000000,664000000,769000000,867000000,881000000,925000000,1044000000,1080000000,1269000000,1497000000,1726000000,1837000000,2130000000,2273000000,2481000000,2852000000,3269000000,3742000000,3881000000,4153000000,4280000000,4468000000,4706000000,4725000000,4874000000,4708000000,4724000000,5006000000,5417000000,5871000000,6250000000,6697000000,7319000000,
Peru,,,,,,,,,,,,5405000000,5811000000,6021000000,6428000000,6729000000,7033000000,7672000000,7764000000,8137000000,8729000000,9419000000,10093000000,9671000000,10589000000,10693000000,11390000000,12150000000,11638000000,11832000000,11925000000,12901000000,10821000000,12111000000,12600000000,13134000000,14389000000,15064000000,16182000000,16746000000,17627000000,18542000000,19707000000,20607000000,21896000000,23118000000,24809000000,27391000000,29772000000,30180000000,32145000000,
Philippines,,,,,,,,,,,,8688000000,9878000000,12562000000,12422000000,12986000000,13979000000,14326000000,14740000000,15927000000,17703000000,16433000000,16930000000,18650000000,18047000000,19020000000,17376000000,18304000000,20191000000,21776000000,22347000000,22473000000,21799000000,22341000000,25737000000,27831000000,30599000000,33760000000,35729000000,35678000000,38945000000,41337000000,42497000000,46130000000,48730000000,49750000000,49898000000,52003000000,53141000000,54422000000,59942000000,
Pitcairn,,,,,,,,,,,,,,,,,,,,,,,,,,,,,,,,,,,,,,,,,,,,,,,,,,,,
Poland,26262236589,29081321329,31729286328,33127128932,35875475705,38933511642,42825066835,47111365175,50981944527,54912566109,58774574977,64155272472,69865674567,75582012457,81251680291,88094747103,93968894615,99348824601,1.04324E+11,1.06073E+11,1.0945E+11,1.03604E+11,1.05185E+11,1.11465E+11,1.16672E+11,1.21294E+11,1.26704E+11,1.32473E+11,1.34882E+11,1.34214E+11,1.24531E+11,1.17849E+11,1.13267E+11,1.14095E+11,1.14832E+11,1.17513E+11,1.21304E+11,1.23085E+11,1.23025E+11,1.21593E+11,1.24087E+11,1.24751E+11,1.22658E+11,1.26989E+11,1.30411E+11,1.31186E+11,1.36839E+11,1.39837E+11,1.42392E+11,1.37347E+11,1.44804E+11,
Portugal,2844080522,3119409178,3384219841,3661443890,4101648177,4332758146,4806738234,5029631723,5360888956,5914115978,6633907412,7293846714,8040388974,8892325829,9805162798,9901200030,10612148753,11819876977,12880509501,14217728155,15251565709,15447203292,16292016603,17291371112,17662852231,18661065614,19663909964,20465266662,21863700489,23803746687,25229230129,26602375930,28059057422,28060540650,28894646778,31139846264,32518540689,34293548495,36455523142,39243035073,41489031764,43050831288,44739443965,45873408928,47548383669,49160139168,50763778415,51559546733,51274817520,51310888897,52621421422,
Puerto Rico,,,,,,,,,,,,,,,,,,,,,,,,,,,,,,,,,,,,,,,,,,,,,,,,,,,,
Qatar,,,,,,,,,,,,315000000,396000000,420000000,460000000,625000000,719000000,908000000,1213000000,1787000000,2173000000,2464000000,2777000000,2945000000,3263000000,3734000000,4088000000,4151000000,4271000000,4394000000,4568000000,4381000000,4873000000,5199000000,5455000000,5514000000,6183000000,6457000000,7596000000,7988000000,8501000000,9257000000,10176000000,11175000000,12317000000,13377000000,15866000000,18074000000,20086000000,23041000000,26377000000,
Reunion,,,,,,,,,,,,,,,,,,,,,,,,,,,,,,,,,,,,,,,,,,,,,,,,,,,,
Romania,,,,,,,,,,,,33414389160,36940415347,39785891498,42502538702,47049644524,51875400334,55218029993,58236042984,59377169318,63764485895,65801079850,65571069518,66942152533,69628272760,71126256643,75747687951,75260629564,78357813658,79089903716,67870283728,58410534525,53530172073,52142949374,50974743051,52819277718,54845550265,50569732494,47148939533,43129501560,44109524846,45675939385,45625435106,48689036869,49608191714,50750229904,52128215392,53072323634,53706866087,48818790353,51402717514,
Russia,,,,,,,,,,,,,,,,,,,,,,,,,,,,,,,9.89255E+11,9.72501E+11,9.0939E+11,8.52578E+11,7.72725E+11,7.59796E+11,7.46849E+11,7.34194E+11,7.20056E+11,7.40819E+11,7.64438E+11,7.71052E+11,7.71933E+11,7.93944E+11,8.14234E+11,8.32128E+11,8.78577E+11,9.05226E+11,9.21313E+11,8.77409E+11,9.22348E+11,
Rwanda,,,,,,,,,,,,,,,,,,,,,,,,,,,,,,,,,,,,,,,,,,,,,,,,,,,,
St. Barthlemy,,,,,,,,,,,,,,,,,,,,,,,,,,,,,,,,,,,,,,,,,,,,,,,,,,,,
St. Helena,,,,,,,,,,,,,,,,,,,,,,,,,,,,,,,,,,,,,,,,,,,,,,,,,,,,
St. Kitts and Nevis,,,,,,,,,,,,,,,,,,,,,,,,,,,,,,,,,,,,,,,,,,,,,,,,,,,,
St. Lucia,,,,,,,,,,,,,,,,,,,,,,,,,,,,,,,,,,,,,,,,,,,,,,,,,,,,
St. Martin,,,,,,,,,,,,,,,,,,,,,,,,,,,,,,,,,,,,,,,,,,,,,,,,,,,,
St. Vincent and the Grenadines,,,,,,,,,,,,,,,,,,,,,,,,,,,,,,,,,,,,,,,,,,,,,,,,,,,,
St.-Pierre-et-Miquelon,,,,,,,,,,,,,,,,,,,,,,,,,,,,,,,,,,,,,,,,,,,,,,,,,,,,
Samoa,,,,,,,,,,,,,,,,,,,,,,,,,,,,,,,,,,,,,,,,,,,,,,,,,,,,
San Marino,,,,,,,,,,,,,,,,,,,,,,,,,,,,,,,,,,,,,,,,,,,,,,,,,,,,
Sao Tome and Principe,,,,,,,,,,,,,,,,,,,,,,,,,,,,,,,,,,,,,,,,,,,,,,,,,,,,
Saudi Arabia,,,,,,,,,,,,1975000000,2289000000,2784000000,3544000000,3965000000,5673000000,6882000000,9624000000,14739000000,19103000000,23180000000,29179000000,31986000000,37907000000,40281000000,46901000000,52819000000,56615000000,60464000000,65223000000,69137000000,76000000000,84289000000,88066000000,91889000000,94551000000,99521000000,1.08244E+11,1.13346E+11,1.1706E+11,1.26098E+11,1.31908E+11,1.45998E+11,1.46948E+11,1.57545E+11,1.67636E+11,1.74845E+11,1.86488E+11,1.99117E+11,2.18679E+11,
Senegal,,,,,,,,,,,,324000000,338000000,374000000,383000000,410000000,438000000,476000000,517000000,556000000,575000000,609000000,567000000,642000000,690000000,674000000,678000000,711000000,741000000,735000000,780000000,796000000,873000000,859000000,931000000,950000000,981000000,1073000000,1142000000,1132000000,1005000000,1250000000,1515000000,1344000000,1517000000,1777000000,1816000000,2151000000,1932000000,2373000000,2428000000,
Serbia,,,,,,,,,,,,,,,,,,,,,,,,,,,,,,,44290443985,42746076876,42038959710,34742757676,34500890900,38104941918,41851577755,43695626899,44009792604,40526447454,42547941726,44684191094,44840958530,43108913192,42137140894,38654906188,39741125609,40896771381,42237579327,41616400137,42961420440,
Serbia and Montenegro,,,,,,,,,,,,,,,,,,,,,,,,,,,,,,,,,,,,,,,,,,,,,,,,,,,,
Serbia excluding Kosovo,,,,,,,,,,,,,,,,,,,,,,,,,,,,,,,,,,,,,,,,,,,,,,,,,,,,
Seychelles,,,,,,,,,,,,,,,,,,,,,,,,,,,,,,,,,,,,,,,,,,,,,,,,,,,,
Sierra Leone,,,,,,,,,,,,,,,,,,,,,,,,,,,,,,,,,,,,,,,,,,,,,,,,,,,,
Singapore,,,,,,,,,,,,2439893762,2951883106,3505352845,3642276045,3909039346,4319500666,4807168980,5550972324,6007412943,6563530408,6844250779,7092040750,7868170964,8618118706,9328763112,10220971709,11541286897,12671638932,13657033701,15032628427,15822091117,16708492666,18080561968,19780189627,21131079170,22577577945,25068241658,26200119838,27634550388,29690310311,29921627238,31274786549,33152732891,34588608154,36291692932,37572888740,39034448199,39060105749,38526173948,42251725231,
Slovak Republic,,,,,,,,,,,,12259241622,12974369365,14003817621,14661268611,14681615510,15540667052,16441219615,16881860934,18712036531,21625638690,22075148220,22384075112,22955722658,23632544602,24893714944,25552856553,26431687824,26900466089,27630975673,29207639694,27073280980,24975206620,24385682499,24534076079,26446964504,27713349936,27316469662,25268243619,27161803005,26785914015,27183663565,27308973218,27132347602,27534054492,26643189873,27845728999,28513700738,28662670198,26849377067,28208362889,
Slovenia,,,,,,,,,,,,,,,,,,,,,,,,,,,,,,,10278767657,9845756936,9609093829,9665309442,10269414404,10446259488,10578035188,10737561011,11033799095,11251214365,11471667233,11942926681,12706510763,13119402509,13647468678,13850137755,14296249324,14363764790,13966242753,12353609316,13235731781,
Solomon Islands,,,,,,,,,,,,,,,,,,,,,,,,,,,,,,,,,,,,,,,,,,,,,,,,,,,,
Somalia,,,,,,,,,,,,,,,,,,,,,,,,,,,,,,,,,,,,,,,,,,,,,,,,,,,,
Somaliland,,,,,,,,,,,,,,,,,,,,,,,,,,,,,,,,,,,,,,,,,,,,,,,,,,,,
South Africa,,,,,,,,,,,,51900527150,57092152107,61713429922,66832906491,71984830556,77753636893,82007721015,88557906979,97533410631,1.0597E+11,1.13926E+11,1.19469E+11,1.24113E+11,1.35638E+11,1.41767E+11,1.47948E+11,1.49855E+11,1.55862E+11,1.60035E+11,1.63051E+11,1.63331E+11,1.62796E+11,1.68546E+11,1.74771E+11,1.82323E+11,2.09595E+11,2.16991E+11,2.09004E+11,2.03842E+11,2.09509E+11,1.98148E+11,2.11222E+11,2.15407E+11,2.19678E+11,2.24815E+11,2.31842E+11,2.49507E+11,2.43361E+11,2.32134E+11,2.40765E+11,
South Ossetia,,,,,,,,,,,,,,,,,,,,,,,,,,,,,,,,,,,,,,,,,,,,,,,,,,,,
Spain,15048240356,16915548621,19052165635,20857848477,23676870001,26423956713,30040073910,33854516138,38212581654,43252600612,47843761300,52494026031,59035133968,65806604723,71990163365,73888750157,81951798828,84078922936,88416379226,94042636692,99284039969,1.00909E+11,1.01086E+11,1.06734E+11,1.11464E+11,1.14621E+11,1.16072E+11,1.19825E+11,1.24845E+11,1.33761E+11,1.37601E+11,1.40724E+11,1.44584E+11,1.43268E+11,1.48637E+11,1.55769E+11,1.60083E+11,1.7334E+11,1.80222E+11,1.94802E+11,2.09778E+11,2.21765E+11,2.31329E+11,2.39664E+11,2.53148E+11,2.66757E+11,2.81544E+11,2.82562E+11,2.88602E+11,2.73694E+11,2.83596E+11,
Sri Lanka,,,,,,,,,,,,742089767.1,848157888.6,895815349.9,923746662.1,998754554.8,1042927532,1093277934,1210722250,1351297714,1457445492,1583676776,1742004819,1851882764,1932297233,2121215504,2286417565,2326436611,2426129874,2408930016,2673665234,2809174986,2999242365,3323849129,3653130533,3956291582,3756941458,4213052077,4558544478,4794134655,5432561251,5536514710,5843074187,6336395870,6932073552,7899034388,8020584839,8437083859,7856543139,8531453673,9369958208,
Sudan,,,,,,,,,,,,296686224.6,321343792.5,390544065.4,464516778.3,494742184.2,519399746.2,549625159.9,591781646,600531082.1,558374618.8,534512458.2,570305697,554397600.5,764384608.5,839152708.1,952895725.4,987893555.1,890058654.5,855060855.4,1019709767,1005392446,1030050031,1010164875,1069024911,1082546791,1123112483,1080955977,1076978967,1632967344,1726029765,1485817344,1784094356,1934426034,1999649220,2419623310,2764829236,3065492574,3422629566,4466312040,4802414157,
Suriname,,,,,,,,,,,,,,,,,,,,,,,,,,,,,,,,,,,,,,,,,,,,,,,,,,,,
Svalbard,,,,,,,,,,,,,,,,,,,,,,,,,,,,,,,,,,,,,,,,,,,,,,,,,,,,
Swaziland,,,,,,,,,,,,,,,,,,,,,,,,,,,,,,,,,,,,,,,,,,,,,,,,,,,,
Sweden,29937369193,32779746839,34944220088,36048609897,39835949882,42700828177,43910961994,47317628304,51641371463,56075119834,58841278007,62046402357,66013918613,71225133064,71768873124,74155194801,80147303066,81047519117,83912387113,88704902913,88950314982,92446254074,95216069677,1.04979E+11,1.1411E+11,1.24841E+11,1.24475E+11,1.32476E+11,1.34424E+11,1.33378E+11,1.35538E+11,1.3729E+11,1.34905E+11,1.35512E+11,1.34404E+11,1.36597E+11,1.36553E+11,1.36445E+11,1.37412E+11,1.36956E+11,1.38942E+11,1.42219E+11,1.39843E+11,1.37249E+11,1.38449E+11,1.39331E+11,1.38748E+11,1.39784E+11,1.37346E+11,1.31687E+11,1.40125E+11,
Switzerland,16288274389,17398863285,18038589362,18828689678,19792191746,20907486370,21616498975,22465987599,23329511033,24596962654,26567385604,28713895094,29946580424,31620459574,31876049081,31009476647,32301892933,33765459230,34896615211,36445124262,37771751140,38649122445,39247214548,40366467019,42352178321,44247253633,45415906783,46781358295,47337173249,48769386487,50075501846,51226938518,51081285403,50334713123,50684878841,51927345610,52459115510,52245619990,53225051930,55420692017,56235788915,57904334577,58046747484,59882387158,60404007530,61584384856,62438710864,61402146220,62901459343,61130453396,62643263579,
Syria,,,,,,,,,,,,1158000000,1371000000,1283000000,1535000000,1782000000,1791000000,1802000000,2406000000,2728000000,3184000000,3831000000,4995000000,5968000000,6068000000,6583000000,6674000000,6709000000,7360000000,8179000000,8573000000,8978000000,9262000000,9323000000,10483000000,11941000000,13178000000,13873000000,14949000000,16223000000,17476000000,19184000000,21075000000,22539000000,24915000000,27503000000,29403914041,30739694503,32307658142,32158065781,38888403351,
Taiwan,,,,,,,,,,,,,,,,,,,,,,,,,,,,,,,,,,,,,,,,,,,,,,,,,,,,
Tajikistan,,,,,,,,,,,,,,,,,,,,,,,,,,,,,,,17746000000,17283000000,16454000000,14373000000,14326000000,13865000000,13617000000,12152000000,12574000000,13388000000,13437000000,13542000000,13757000000,13990000000,14392000000,14594000000,14799000000,14642000000,14165000000,13459000000,13788000000,
Tanzania,,,,,,,,,,,,424000000,464000000,503000000,523000000,547000000,575000000,594000000,601000000,664000000,684000000,724000000,707000000,692000000,727000000,787000000,909000000,946000000,1061000000,1151000000,1303000000,1428000000,1441000000,1462000000,1434000000,1706000000,1896000000,1791000000,1958000000,1865000000,1980000000,2105000000,2247000000,2031000000,2406000000,2703000000,2774000000,3372000000,3564000000,3266000000,3491000000,
Thailand,,,,,,,,,,,,4568000000,5478000000,6485000000,6839000000,7782000000,8969000000,10374000000,11886000000,12932000000,13766000000,14453000000,15787000000,17513000000,19456000000,21117000000,23047000000,26085000000,29560000000,34297000000,40131000000,45333000000,51647000000,58835000000,65136000000,74198000000,82983000000,85801000000,83699000000,84623000000,91160000000,95611000000,1.03636E+11,1.10614E+11,1.18762E+11,1.25259E+11,1.31971E+11,1.37675E+11,1.40077E+11,1.40492E+11,1.55069E+11,
Timor-Leste,,,,,,,,,,,,,,,,,,,,,,,,,,,,,,,,,,,,,,,,,,,,,,,,,,,,
Togo,,,,,,,,,,,,140000000,138000000,128000000,169000000,179000000,172000000,267000000,309000000,202000000,171000000,189000000,216000000,203000000,240000000,252000000,258000000,281000000,290000000,317000000,343000000,328000000,372000000,282000000,322000000,426000000,453000000,474000000,493000000,541000000,469000000,501000000,500000000,549000000,587000000,614000000,625000000,606000000,,,,
Tokelau,,,,,,,,,,,,,,,,,,,,,,,,,,,,,,,,,,,,,,,,,,,,,,,,,,,,
Tonga,,,,,,,,,,,,,,,,,,,,,,,,,,,,,,,,,,,,,,,,,,,,,,,,,,,,
Transnistria,,,,,,,,,,,,,,,,,,,,,,,,,,,,,,,,,,,,,,,,,,,,,,,,,,,,
Trinidad and Tobago,,,,,,,,,,,,991000000,1110000000,1105000000,1152000000,1147000000,1296000000,1454000000,1557000000,1855000000,2035000000,2286000000,2696000000,2905000000,3006000000,3023000000,3291000000,3481000000,3157000000,3056000000,3278000000,3257000000,3522000000,3502000000,3611000000,3892000000,4091000000,4587000000,4751000000,4819000000,5060000000,5216000000,5216000000,6125000000,6062000000,6669000000,6506000000,7515000000,7515000000,7566000000,7907000000,
Tunisia,,,,,,,,,,,,805900304.9,931656948.6,1043942797,1146065710,1227237915,1399515311,1635878584,1854354970,2226352816,2596390220,2799823303,2791370117,3142455853,3340864350,3746731182,3986801756,4261271893,4614468006,4918996055,5244759623,5458399308,5862465781,6160020385,6731855963,6923970432,7115791209,7569932644,8043934128,8870457881,9373554573,10006722773,10365073280,9762887516,10245404869,10823368273,11177193851,11752102690,12284210143,13315281101,14148977742,
Turkey,2536000000,2728000000,3231000000,3561000000,3994000000,4455000000,4968000000,5530000000,6139000000,7000000000,7756000000,8798000000,10113000000,11142000000,11989000000,14084000000,16903000000,18979000000,20159000000,21004000000,21792000000,23358000000,25008000000,26145000000,29526000000,32416000000,35025000000,39407000000,42121000000,46355000000,50131000000,52938000000,58222000000,63180000000,65940000000,71782000000,78935000000,86935000000,93227000000,96940000000,1.0452E+11,1.03542E+11,1.08621E+11,1.17099E+11,1.26774E+11,1.3675E+11,1.49826E+11,1.63353E+11,1.70604E+11,1.65088E+11,1.80212E+11,
Turkmenistan,,,,,,,,,,,,,,,,,,,,,,,,,,,,,,,8410000000,8330000000,7793000000,8274000000,6868000000,6574000000,6169000000,5102000000,6859000000,6304000000,7642000000,8137000000,8189000000,8130000000,9001000000,9755000000,10176000000,10979000000,11434000000,11786000000,12118000000,
Turks and Caicos Islands,,,,,,,,,,,,,,,,,,,,,,,,,,,,,,,,,,,,,,,,,,,,,,,,,,,,
Tuvalu,,,,,,,,,,,,,,,,,,,,,,,,,,,,,,,,,,,,,,,,,,,,,,,,,,,,
Uganda,,,,,,,,,,,,,,,,,,,,,,,,,,,,,,,,,,,,,,,,,,,,,,,,,,,,
Ukraine,,,,,,,,,,,,,,,,,,,,,,,,,,,,,,,2.47249E+11,2.39899E+11,2.22741E+11,2.03778E+11,1.78545E+11,1.71203E+11,1.55385E+11,1.48944E+11,1.41577E+11,1.37837E+11,1.35843E+11,1.35197E+11,1.36643E+11,1.42833E+11,1.48971E+11,1.52317E+11,1.5839E+11,1.63326E+11,1.62551E+11,1.47566E+11,1.61335E+11,
United Arab Emirates,,,,,,,,,,,,189000000,435000000,671000000,877000000,1273000000,1805000000,2748000000,3501000000,4642000000,5865000000,6710000000,8290000000,9431000000,10230000000,11161000000,11917000000,12701000000,13801000000,14207000000,15543000000,15790000000,17007000000,19774000000,21600000000,22709000000,24154000000,26515000000,31599000000,36242000000,38593000000,40074000000,43767000000,46180000000,48951000000,56262000000,61888000000,70544000000,73495000000,77169000000,82962000000,
United Kingdom,1.26744E+11,1.35078E+11,1.48111E+11,1.61033E+11,1.68903E+11,1.80995E+11,1.87275E+11,1.92718E+11,2.07743E+11,2.22123E+11,2.31871E+11,2.37493E+11,2.44713E+11,2.61997E+11,2.54692E+11,2.52628E+11,2.58163E+11,2.62788E+11,2.66267E+11,2.77142E+11,2.6372E+11,2.57537E+11,2.52428E+11,2.56479E+11,2.59482E+11,2.72791E+11,2.80491E+11,2.88447E+11,2.97754E+11,3.02136E+11,3.06474E+11,3.12761E+11,3.13651E+11,3.16787E+11,3.11187E+11,3.23381E+11,3.3823E+11,3.40113E+11,3.45598E+11,3.52468E+11,3.59988E+11,3.63045E+11,3.64786E+11,3.68532E+11,3.68398E+11,3.78639E+11,3.76926E+11,3.74654E+11,3.7134E+11,3.51425E+11,3.55838E+11,
United States,7.54581E+11,7.91237E+11,8.51048E+11,9.12735E+11,9.79648E+11,1.04407E+12,1.12733E+12,1.19956E+12,1.31331E+12,1.43326E+12,1.51582E+12,1.58882E+12,1.7223E+12,1.84465E+12,1.83459E+12,1.86733E+12,1.98355E+12,2.08488E+12,2.15529E+12,2.20811E+12,2.26662E+12,2.31494E+12,2.2359E+12,2.30409E+12,2.45537E+12,2.51107E+12,2.5383E+12,2.67731E+12,2.8063E+12,2.89287E+12,2.96744E+12,3.10401E+12,3.10317E+12,3.19785E+12,3.28155E+12,3.37155E+12,3.46287E+12,3.51433E+12,3.63053E+12,3.70963E+12,3.86202E+12,3.72539E+12,3.83551E+12,3.87635E+12,3.93709E+12,4.0678E+12,4.06906E+12,4.12844E+12,4.1672E+12,3.97338E+12,4.15725E+12,
Uruguay,,,,,,,,,,,,2063000000,1963000000,1990000000,1985000000,2157000000,2291000000,2419000000,2642000000,2705000000,2927000000,3044000000,3066000000,3089000000,3116000000,3227000000,3353000000,3536000000,3846000000,3726000000,3870000000,4212000000,4309000000,4623000000,4759000000,5089000000,5330956042,5686820414,5977949337,6371584775,6780217100,6688097565,6681862278,6304152766,6450131387,6683808005,7426982958,8088181699,8696969940,8977297966,9308716883,
USSR,,,,,,,,,,,,,,,,,,,,,,,,,,,,,,,,,,,,,,,,,,,,,,,,,,,,
Uzbekistan,,,,,,,,,,,,,,,,,,,,,,,,,,,,,,,48892507179,48837070281,45759677857,44382725751,43236944962,42267780607,42673814312,43128839859,42944031226,42722404325,44111931137,43887937875,44882732198,44823470622,45232153513,44405210622,45867741549,43953077526,44159766134,44424042318,45232870720,
Wallis et Futuna,,,,,,,,,,,,,,,,,,,,,,,,,,,,,,,,,,,,,,,,,,,,,,,,,,,,
Vanuatu,,,,,,,,,,,,,,,,,,,,,,,,,,,,,,,,,,,,,,,,,,,,,,,,,,,,
Venezuela,,,,,,,,,,,,12343000000,13422000000,14469000000,15607000000,16222000000,17542000000,19556000000,22159000000,27116000000,30658000000,34973134354,33017349695,36337231095,39333845695,40030016090,41083471358,44281259612,48541379152,47624107645,48483345054,51149101491,55222396613,56650270140,57210670494,58130655000,59828682043,61676651624,62214113279,61826730653,64635027228,67468248524,69387432909,68099093326,72908124307,76655463047,82789216974,82945943972,86747697224,87058883243,95245374504,
West Bank and Gaza,,,,,,,,,,,,,,,,,,,,,,,,,,,,,,,,,,,,,,,,,,,,,,,,,,,,
West Germany,,,,,,,,,,,,,,,,,,,,,,,,,,,,,,,,,,,,,,,,,,,,,,,,,,,,
Western Sahara,,,,,,,,,,,,,,,,,,,,,,,,,,,,,,,,,,,,,,,,,,,,,,,,,,,,
Vietnam,,,,,,,,,,,,1885638996,1801753365,1920609793,1686265794,1967572653,2379478978,2773401364,2852447950,2834880766,2947631943,3037320451,3258483916,3315362029,3950929169,4242246212,4525677116,5048133479,5608309183,6186425842,6582423107,6990914549,7381152213,8308179552,9785532433,11789606145,14046607066,16029989891,18575201587,20358263450,23236539330,26703252410,31156295489,36055596701,40606379800,48226166739,55095727746,62773677276,69889577573,79722797698,90893662109,
Virgin Islands (U.S.),,,,,,,,,,,,,,,,,,,,,,,,,,,,,,,,,,,,,,,,,,,,,,,,,,,,
North Yemen (former),,,,,,,,,,,,,,,,,,,,,,,,,,,,,,,,,,,,,,,,,,,,,,,,,,,,
South Yemen (former),,,,,,,,,,,,,,,,,,,,,,,,,,,,,,,,,,,,,,,,,,,,,,,,,,,,
Yemen,,,,,,,,,,,,209000000,215000000,206000000,240000000,257000000,301000000,317000000,360000000,394000000,503000000,543000000,655000000,693000000,776000000,823000000,972000000,1041000000,1185000000,1212000000,1471000000,1640000000,1739000000,1862000000,1751000000,1909000000,1909000000,2189000000,2202000000,2239000000,2465000000,2613000000,2835000000,3118000000,3388000000,3693000000,4011000000,4495000000,5039000000,5105000000,5980000000,
Yugoslavia,,,,,,,,,,,,,,,,,,,,,,,,,,,,,,,,,,,,,,,,,,,,,,,,,,,,
Zambia,,,,,,,,,,,,4411000000,4785000000,5174000000,5671000000,5710000000,5993000000,5874000000,5838000000,5917000000,6070000000,6499000000,6620000000,6708000000,6660000000,6565000000,6435000000,6517000000,7095000000,6099000000,6123000000,6076000000,6218000000,6411000000,6488000000,6463000000,6403000000,6126000000,5748000000,5939000000,6224000000,6615000000,7066000000,7467000000,7913000000,8214000000,8763000000,8308000000,7578000000,7524000000,8156049476,
Zimbabwe,,,,,,,,,,,,3560000000,4676000000,4962000000,5336000000,5967000000,6546000000,6175000000,5942000000,6406000000,6995000000,7263000000,7456000000,7283000000,7109000000,8308000000,8019000000,8373000000,8452000000,8973000000,9028000000,9144000000,8581000000,8178000000,8757000000,9391000000,10010000000,10504000000,10294000000,10958000000,10668000000,10398000000,10500000000,10540000000,10286000000,12504000000,12501000000,12726000000,12740000000,12801000000,12850000000,
land,,,,,,,,,,,,,,,,,,,,,,,,,,,,,,,,,,,,,,,,,,,,,,,,,,,,
South Sudan,,,,,,,,,,,,,,,,,,,,,,,,,,,,,,,,,,,,,,,,,,,,,,,,,,,,
Christian,,,,,,,,,,,,,,,,,,,,,,,,,,,,,,,,,,,,,,,,,,,,,,,,,,,,
Coastline,,,,,,,,,,,,,,,,,,,,,,,,,,,,,,,,,,,,,,,,,,,,,,,,,,,,
Curaao,,,,,,,,,,,,,,,,,,,,,,,,,,,,,,,,,,,,,,,,,,,,,,,,,,,,
Sint Maarten (Dutch part),,,,,,,,,,,,,,,,,,,,,,,,,,,,,,,,,,,,,,,,,,,,,,,,,,,,
St. Martin (French part),,,,,,,,,,,,,,,,,,,,,,,,,,,,,,,,,,,,,,,,,,,,,,,,,,,,
Antarctica,,,,,,,,,,,,,,,,,,,,,,,,,,,,,,,,,,,,,,,,,,,,,,,,,,,,
"Virgin Islands, British",,,,,,,,,,,,,,,,,,,,,,,,,,,,,,,,,,,,,,,,,,,,,,,,,,,,
Hawaiian Trade Zone,,,,,,,,,,,,,,,,,,,,,,,,,,,,,,,,,,,,,,,,,,,,,,,,,,,,
U.S. Pacific Islands,,,,,,,,,,,,,,,,,,,,,,,,,,,,,,,,,,,,,,,,,,,,,,,,,,,,
Wake Island,,,,,,,,,,,,,,,,,,,,,,,,,,,,,,,,,,,,,,,,,,,,,,,,,,,,
Bonaire,,,,,,,,,,,,,,,,,,,,,,,,,,,,,,,,,,,,,,,,,,,,,,,,,,,,
Sark,,,,,,,,,,,,,,,,,,,,,,,,,,,,,,,,,,,,,,,,,,,,,,,,,,,,
Chinese Taipei,,,,,,,,,,,,,,,,,,,,,,,,,,,,,,,,,,,,,,,,,,,,,,,,,,,,
Saint Eustatius,,,,,,,,,,,,,,,,,,,,,,,,,,,,,,,,,,,,,,,,,,,,,,,,,,,,
Saba,,,,,,,,,,,,,,,,,,,,,,,,,,,,,,,,,,,,,,,,,,,,,,,,,,,,
